id_feu,unidad_regional,siniestro_fecha,siniestro_hora,provincia,id_provincia,departamento,id_departamento,localidad,zona_ocurrencia,via_publica,nombre_via,altura_km,entre_calle_1,entre_calle_2,latitud,longitud,ilesos,heridos,fallecidos,vehiculos,peatones,tipo_siniestro_multiple,tipo_siniestro_unico,despiste_previo,tipo_siniestro_otro,tipo_colision,cantidad_de_involucrados,trazado_via,configuracion_de_la_via,configuracion_de_la_via_otro_tipo,pendiente_declive,cono_de_vision,material_de_la_calzada,material_de_la_calzada_otro,estado_de_la_calzada,estado_fisico_ambiental,estado_de_conservacion_otro,division_fisica_de_la_via,division_fisica_de_la_via_otro,barreras_de_seguridad,banquinas,senalizacion_carteleria,senalizacion_horizontal,senalizacion_transitoria,luminosidad,luz_artificial,transito_restringido,estado_ambiental,visibilidad,visibilidad_otro,semaforo
182665,OBSERVATORIO VIAL,2023-12-30,12:30:00,CORRIENTES,18,CAPITAL,21,CORRIENTES,Urbana,Avenida,AV INDEPENDENCIA,4200,LAS PIEDRAS,,,,3,0,0,3,0,Colisión entre vehículos,Colisión entre vehículos,,,Multiple,3,,Intersección / cruce,,,No obstruido,Asfalto,,Apto,Seca,,Cantero central,,Ninguna,,Si,Si,No,Día,,,Despejado,,,Funciona
197455,OBSERVATORIO VIAL,2023-12-27,0:15:00,CORRIENTES,18,CAPITAL,21,CORRIENTES,Urbana,Avenida,CHACABUCO,1900,LAS HERAS,,,,1,1,0,2,0,Colisión entre vehículos,Colisión entre vehículos,,,Alcance,2,,Intersección / cruce,,,S/D,Asfalto,,Apto,Seca,,S/D,,S/D,,S/D,S/D,S/D,Noche,SI,,Despejado,,,Funciona
207065,OBSERVATORIO VIAL,2023-12-27,10:10:00,CORRIENTES,18,CAPITAL,21,CORRIENTES,Urbana,Calle,AV VERA,1300,CORDOBA,,,,1,1,0,2,0,Colisión entre vehículos,Colisión entre vehículos,,,Lateral,2,,Intersección / cruce,,,S/D,Asfalto,,Apto,Seca,,Cantero central,,Ninguna,,Si,Si,No,Día,,,Despejado,,,Sin Semáforo
202001,OBSERVATORIO VIAL,2023-12-24,13:50:00,CORRIENTES,18,CAPITAL,21,CORRIENTES,Urbana,Calle,RIVADAVIA,1499,SAN LORENZO,,,,2,0,0,2,0,Colisión entre vehículos,Colisión entre vehículos,,,,2,,Recta,,,,Asfalto,,Apto,Seca,,Ninguna,,Asfalto,,S/D,S/D,S/D,Día,,,Despejado,,,Sin Semáforo
207724,OBSERVATORIO VIAL,2023-12-24,23:45:00,CORRIENTES,18,CAPITAL,21,CORRIENTES,Urbana,Calle,LAVALLE,90,,,,,1,0,0,1,0,Despeñamiento,Despeñamiento,,,Lateral,1,,Otro,CORDON,,,Asfalto,,Apto,Seca,,Ninguna,,Ninguna,,S/D,S/D,S/D,Noche,NO,,Despejado,,,Sin Semáforo
181822,OBSERVATORIO VIAL,2023-12-23,9:00:00,CORRIENTES,18,CAPITAL,21,CORRIENTES,Urbana,Calle,SAN MARTIN,2100,ROCA,,,,2,0,0,2,0,Colisión entre vehículos,Colisión entre vehículos,,,,2,,Intersección / cruce,,,S/D,Asfalto,,Apto,Seca,,S/D,,S/D,,S/D,S/D,S/D,Día,,,Despejado,,,S/D
177774,OBSERVATORIO VIAL,2023-12-23,9:21:00,CORRIENTES,18,CAPITAL,21,CORRIENTES,Urbana,Calle,SAN LORENZO,1200,SIMÓN BOLIVAR,,-2.747.131,-5.883.213,1,1,0,2,0,Colisión entre vehículos,Colisión entre vehículos,,,,2,,Intersección / cruce,,,No obstruido,Asfalto,,Apto,Seca,,Ninguna,,Ninguna,,Si,Si,No,Día,,,Despejado,,,Sin Semáforo
189213,OBSERVATORIO VIAL,2023-12-21,14:00:00,CORRIENTES,18,CAPITAL,21,CORRIENTES,Urbana,Avenida,AV MAIPU,3500,PUNTA MOGOTES,,,,1,1,0,2,0,Colisión entre vehículos,Colisión entre vehículos,,,Angulo,2,,Intersección / cruce,,,S/D,Asfalto,,Apto,Seca,,S/D,,S/D,,Si,Si,Si,Día,,,Despejado,,,Sin Semáforo
190637,OBSERVATORIO VIAL,2023-12-21,10:05:00,CORRIENTES,18,CAPITAL,21,CORRIENTES,Urbana,Avenida,AVENIDA MAIPU,1700,FRAGATA SARMIENTO,,,,2,0,0,2,0,Colisión entre vehículos,Colisión entre vehículos,,,Angulo,2,,Recta,,,,Asfalto,,Apto,Seca,,S/D,,S/D,,S/D,S/D,S/D,Día,,,Despejado,,,Funciona
199127,OBSERVATORIO VIAL,2023-12-18,17:30:00,CORRIENTES,18,CAPITAL,21,CORRIENTES,Urbana,Calle,9 DE julio,700,MENDOZA,,,,3,0,0,2,0,Colisión entre vehículos,Colisión entre vehículos,,,,2,,Intersección / cruce,,,S/D,Asfalto,,Apto,Seca,,Ninguna,,Asfalto,,No,No,No,Día,,,Despejado,,,Sin Semáforo
212934,OBSERVATORIO VIAL,2023-12-17,19:50:00,CORRIENTES,18,CAPITAL,21,CORRIENTES,Urbana,Avenida,AV MAIPU,6000,GUAYQUIRARO,,,,0,2,0,1,0,Atropello a animal/es,Atropello a animal/es,,,Alcance,1,,Intersección / cruce,,,No obstruido,Asfalto,,Apto,Seca,,Otro,,Ninguna,,Si,Si,No,Noche,NO,,Despejado,,,Funciona
182664,OBSERVATORIO VIAL,2023-12-16,7:50:00,CORRIENTES,18,CAPITAL,21,CORRIENTES,Urbana,Calle,LA RIOJA,700,25 DE mayo,,,,1,1,0,2,0,Colisión entre vehículos,Colisión entre vehículos,,,Rozamiento,2,,Intersección / cruce,,,No obstruido,Asfalto,,Apto,Seca,,Ninguna,,Ninguna,,Si,Si,No,Día,,,Despejado,,,Funciona
207684,OBSERVATORIO VIAL,2023-12-16,7:30:00,CORRIENTES,18,CAPITAL,21,CORRIENTES,Urbana,Avenida,AV ALTA GRACIA,2400,,,,,1,1,0,2,0,Colisión entre vehículos,Colisión entre vehículos,,,Rozamiento,2,,Intersección / cruce,,,S/D,Asfalto,,Apto,Seca,,Ninguna,,Ninguna,,No,No,No,Noche,NO,,Despejado,,,Sin Semáforo
211678,OBSERVATORIO VIAL,2023-12-15,22:15:00,CORRIENTES,18,CAPITAL,21,CORRIENTES,Urbana,Calle,AV INDEPENDENCIA,5000,,,-4.000.000,-6.100.000,0,1,0,1,0,Caída desde vehículo,Caída desde vehículo,,,,1,,Rotonda,,,,Asfalto,,Apto,Seca,,,,Asfalto,,Si,,,Noche,,,Despejado,,,Funciona
176163,OBSERVATORIO VIAL,2023-12-13,10:00:00,CORRIENTES,18,CAPITAL,21,CORRIENTES,Urbana,Ruta Nacional,12,,,,,,2,0,0,2,0,Colisión entre vehículos,Colisión entre vehículos,,,,2,,Intersección / cruce,,,S/D,Asfalto,,Apto,Seca,,,,S/D,,Si,Si,Si,Día,,,Despejado,,,S/D
186781,OBSERVATORIO VIAL,2023-12-11,12:19:00,CORRIENTES,18,CAPITAL,21,CORRIENTES,Urbana,Calle,AV CHACABUCO,1500,SUIZA,,,,1,1,0,2,0,Colisión entre vehículos,Colisión entre vehículos,,,Angulo,2,,Intersección / cruce,,,S/D,Asfalto,,Apto,Seca,,S/D,,S/D,,Si,Si,No,Día,,,Nublado,,,S/D
205605,OBSERVATORIO VIAL,2023-12-11,17:15:00,CORRIENTES,18,CAPITAL,21,CORRIENTES,Urbana,Calle,ROCA,1000,,,,,1,1,0,2,0,Colisión entre vehículos,Colisión entre vehículos,,,Lateral,2,,Intersección / cruce,,,S/D,Asfalto,,Apto,Seca,,Ninguna,,Ninguna,,Si,Si,No,Día,,,Despejado,,,Sin Semáforo
177716,OBSERVATORIO VIAL,2023-12-10,7:50:00,CORRIENTES,18,CAPITAL,21,CORRIENTES,Urbana,Calle,RECONQUISTA,3140,EX VÍA,,-2.749.371,-5.881.594,2,0,0,2,0,Colisión entre vehículos,Colisión entre vehículos,,,,2,,Intersección / cruce,,,No obstruido,Asfalto,,Apto,Seca,,Barreras de seguridad,,Ninguna,Barrera de Hormigón,S/D,S/D,No,Día,,,Despejado,,,S/D
194953,OBSERVATORIO VIAL,2023-12-09,12:50:00,CORRIENTES,18,CAPITAL,21,CORRIENTES,Urbana,Avenida,AV CENTENARIO,3076,,,,,2,0,0,2,0,Colisión entre vehículos,Colisión entre vehículos,,,,2,,Intersección / cruce,,,S/D,Asfalto,,Apto,Seca,,S/D,,S/D,,S/D,S/D,S/D,Día,,,Despejado,,,S/D
199930,OBSERVATORIO VIAL,2023-12-09,19:20:00,CORRIENTES,18,CAPITAL,21,CORRIENTES,Urbana,Avenida,AV LA PAZ,180,RIO NEGRO,,,,1,1,0,2,0,Colisión entre vehículos,Colisión entre vehículos,,,,2,,Recta,,,,Asfalto,,Apto,Seca,,S/D,,S/D,,S/D,S/D,S/D,Noche,SI,,Despejado,,,S/D
207203,OBSERVATORIO VIAL,2023-12-09,12:57:00,CORRIENTES,18,CAPITAL,21,CORRIENTES,Urbana,Avenida,AV CHACABUCO,1700,LA VALLE,,-2.747.916,-5.881.494,0,2,0,2,0,Colisión entre vehículos,Colisión entre vehículos,,,,2,,Intersección / cruce,,,S/D,Asfalto,,Apto,Mojada,,S/D,,Asfalto,,Si,Si,No,,,,Despejado,,,Sin Semáforo
194948,OBSERVATORIO VIAL,2023-12-08,10:15:00,CORRIENTES,18,CAPITAL,21,CORRIENTES,Urbana,Calle,RIOJA,790,,,,,1,1,0,1,1,Atropello a peatón/es,Atropello a peatón/es,,,,2,,Recta,,,,Asfalto,,Apto,Seca,,S/D,,S/D,,S/D,S/D,S/D,Día,,,Despejado,,,Funciona
177775,OBSERVATORIO VIAL,2023-12-08,13:40:00,CORRIENTES,18,CAPITAL,21,CORRIENTES,Urbana,Avenida,AVENIDA 3 DE ABRIL,1250,MENDOZA,CÓRDOBA,-2.747.576,-5.883.597,1,1,0,2,0,Colisión entre vehículos,Colisión entre vehículos,,,,2,,Intersección / cruce,,,No obstruido,Otro,HORMIGÓN,Apto,Seca,,Otro,PARTERRE,Ninguna,,Si,Si,No,Día,,,Despejado,,,Funciona
186727,OBSERVATORIO VIAL,2023-12-08,14:10:00,CORRIENTES,18,CAPITAL,21,CORRIENTES,Urbana,Avenida,CARTAGENA,3900,LAS PIEDRAS,,,,1,0,0,1,0,Colisión entre vehículos,Colisión entre vehículos,,,,1,,Recta,,,,Asfalto,,Apto,Seca,,S/D,,S/D,,S/D,S/D,S/D,Día,,,Despejado,,,S/D
197452,OBSERVATORIO VIAL,2023-12-05,9:15:00,CORRIENTES,18,CAPITAL,21,CORRIENTES,Urbana,Avenida,TENIENTE IBAÑEZ,800,GOBERNADOR RUIZ,,,,2,0,0,2,0,Colisión entre vehículos,Colisión entre vehículos,,,,2,,Recta,,,,Asfalto,,Apto,Seca,,S/D,,S/D,,S/D,S/D,S/D,Día,,,Despejado,,,S/D
181847,OBSERVATORIO VIAL,2023-12-05,23:00:00,CORRIENTES,18,CAPITAL,21,CORRIENTES,Urbana,Avenida,AV MAIPU,2200,RECONQUISTA,,,,1,1,0,2,0,Colisión entre vehículos,Colisión entre vehículos,,,Angulo,2,,Intersección / cruce,,,S/D,Asfalto,,Apto,Seca,,S/D,,S/D,,S/D,S/D,S/D,Noche,SI,,Despejado,,,S/D
212423,OBSERVATORIO VIAL,2023-12-04,0:05:00,CORRIENTES,18,CAPITAL,21,CORRIENTES,Urbana,Calle,JUNIN,600,TUCUMAN,,,,0,3,0,2,0,Colisión entre vehículos,Colisión entre vehículos,,,Lateral,2,,Intersección / cruce,,,No obstruido,Asfalto,,Apto,Seca,,Ninguna,,Ninguna,,Si,Si,No,Noche,NO,,Despejado,,,Sin Semáforo
214658,OBSERVATORIO VIAL,2023-11-30,9:00:00,CORRIENTES,18,CAPITAL,21,CORRIENTES,Urbana,Ruta Nacional,12,1034,AV LIBERTAD,,,,2,0,0,2,0,Colisión entre vehículos,Colisión entre vehículos,,,,2,,Intersección / cruce,,,S/D,Asfalto,,Apto,Seca,,,,Pasto,,Si,Si,No,Día,,,Despejado,,,Sin Semáforo
198236,OBSERVATORIO VIAL,2023-11-25,7:40:00,CORRIENTES,18,CAPITAL,21,CORRIENTES,Urbana,Avenida,MAIPU,404,,,,,2,0,0,2,0,Colisión entre vehículos,Colisión entre vehículos,,,Lateral,2,,Intersección / cruce,,,,Asfalto,,Apto,Seca,,Ninguna,,Asfalto,,S/D,S/D,S/D,Día,,,Despejado,,,S/D
181821,OBSERVATORIO VIAL,2023-11-20,12:00:00,CORRIENTES,18,CAPITAL,21,CORRIENTES,Urbana,Calle,SAN JUAN,3700,IBERA,,,,0,1,0,2,0,Colisión entre vehículos,Colisión entre vehículos,,,,2,,Recta,,,,Asfalto,,Apto,Seca,,S/D,,S/D,,S/D,S/D,S/D,Día,,,Despejado,,,Sin Semáforo
189212,OBSERVATORIO VIAL,2023-11-17,6:30:00,CORRIENTES,18,CAPITAL,21,CORRIENTES,Urbana,Calle,CUBA,5100,,,,,2,0,0,2,0,Colisión entre vehículos,Colisión entre vehículos,,,,2,,Recta,,,,S/D,,Apto,Seca,,S/D,,S/D,,S/D,S/D,S/D,Día,,,Despejado,,,Sin Semáforo
189277,OBSERVATORIO VIAL,2023-11-11,9:35:00,CORRIENTES,18,CAPITAL,21,CORRIENTES,Urbana,Calle,GODOY CRUZ,1700,PASAJE ACEVEDO,,,,1,0,1,2,0,Colisión entre vehículos,Colisión entre vehículos,,,,2,,Intersección / cruce,,,S/D,Asfalto,,Apto,Seca,,S/D,,S/D,,S/D,S/D,S/D,Día,,,Despejado,,,Sin Semáforo
201240,OBSERVATORIO VIAL,2023-11-08,2:45:00,CORRIENTES,18,CAPITAL,21,CORRIENTES,Urbana,Avenida,MAIPU,1235,LION,,,,0,2,0,2,0,Colisión entre vehículos,Colisión entre vehículos,,,Lateral,2,,Recta,,,,Asfalto,,Apto,Seca,,S/D,,S/D,,S/D,S/D,S/D,Día,,,Despejado,,,S/D
176189,OBSERVATORIO VIAL,2023-11-08,9:55:00,CORRIENTES,18,CAPITAL,21,CORRIENTES,Urbana,Avenida,AAVENIDA 3 DE ABRIL,869,,,-2.747.508,-5.884.063,2,0,0,2,0,Colisión entre vehículos,Colisión entre vehículos,,,,2,,Intersección / cruce,,,No obstruido,Asfalto,,Apto,Seca,,,,Ninguna,,S/D,S/D,S/D,Día,,,Despejado,,,S/D
180122,OBSERVATORIO VIAL,2023-11-05,9:15:00,CORRIENTES,18,CAPITAL,21,CORRIENTES,Urbana,Calle,RIOJA,1071,,,,,1,1,0,2,0,Colisión entre vehículos,Colisión entre vehículos,,,,2,,Recta,,,,S/D,,Apto,Seca,,S/D,,S/D,,S/D,S/D,S/D,Día,,,Despejado,,,S/D
177721,OBSERVATORIO VIAL,2023-11-05,8:05:00,CORRIENTES,18,CAPITAL,21,CORRIENTES,Urbana,Avenida,CHACABUCO,2800,TAMPICO,,,,2,0,0,2,0,Colisión entre vehículos,Colisión entre vehículos,,,,2,,Recta,,,,Asfalto,,Apto,Seca,,S/D,,S/D,,S/D,S/D,S/D,Día,,,Despejado,,,S/D
186752,OBSERVATORIO VIAL,2023-11-05,8:15:00,CORRIENTES,18,CAPITAL,21,CORRIENTES,Urbana,Avenida,AV SARMIENTO,1600,RAMON CARRILLO,,,,2,0,0,2,0,Colisión entre vehículos,Colisión entre vehículos,,,Angulo,2,,Intersección / cruce,,,S/D,Asfalto,,Apto,Seca,,S/D,,S/D,,S/D,S/D,S/D,Día,,,Despejado,,,Sin Semáforo
201236,OBSERVATORIO VIAL,2023-11-05,9:45:00,CORRIENTES,18,CAPITAL,21,CORRIENTES,Urbana,Calle,CARTAGENA,3800,TACUARI,,,,0,1,0,1,0,Caída desde vehículo,Caída desde vehículo,,,,1,,Recta,,,,Asfalto,,Ahuellamiento,Seca,,S/D,,S/D,,S/D,S/D,S/D,Día,,,Niebla / Neblina,,,S/D
193981,OBSERVATORIO VIAL,2023-11-04,8:16:00,CORRIENTES,18,CAPITAL,21,CORRIENTES,Urbana,Calle,COMODORO RIVADAVIA,2200,CIUDAD DE AREQUIPA,,,,1,1,0,2,0,Colisión entre vehículos,Colisión entre vehículos,,,Angulo,2,,Recta,,,,Asfalto,,Apto,Seca,,S/D,,S/D,,S/D,S/D,S/D,Día,,,Despejado,,,S/D
196781,OBSERVATORIO VIAL,2023-11-04,11:00:00,CORRIENTES,18,CAPITAL,21,CORRIENTES,Urbana,Avenida,INDEPENDENCIA,4380,,,,,1,1,0,2,0,Colisión entre vehículos,Colisión entre vehículos,,,,2,,Recta,,,,Asfalto,,Apto,Seca,,Ninguna,,,,S/D,S/D,S/D,Día,,,Despejado,,,Sin Semáforo
184126,OBSERVATORIO VIAL,2023-11-04,10:48:00,CORRIENTES,18,CAPITAL,21,CORRIENTES,Urbana,Avenida,AV ARTIGAS,2500,AV PEDRO FERRE,,,,2,2,0,4,0,Colisión entre vehículos,Colisión entre vehículos,,,Multiple,4,,Intersección / cruce,,,No obstruido,Asfalto,,Apto,Seca,,Cantero central,,Ninguna,,Si,Si,S/D,Día,,,Despejado,,,Funciona
207689,OBSERVATORIO VIAL,2023-11-04,9:20:00,CORRIENTES,18,CAPITAL,21,CORRIENTES,Urbana,Avenida,AV PEDRO FERRE,2800,BOLIVIA,,,,2,0,0,2,0,Colisión entre vehículos,Colisión entre vehículos,,,Alcance,2,,Intersección / cruce,,,No obstruido,Asfalto,,Apto,Seca,,Cantero central,,Ninguna,,Si,No,No,Día,,,Despejado,,,Sin Semáforo
196754,OBSERVATORIO VIAL,2023-11-04,15:45:00,CORRIENTES,18,CAPITAL,21,CORRIENTES,Urbana,Calle,MEXICO,800,JUNIN,,,,4,0,0,2,0,Colisión entre vehículos,Colisión entre vehículos,,,Angulo,2,,Recta,,,,Asfalto,,Apto,Seca,,S/D,,S/D,,S/D,S/D,S/D,Día,,,Despejado,,,S/D
178614,OBSERVATORIO VIAL,2023-11-02,7:15:00,CORRIENTES,18,CAPITAL,21,CORRIENTES,Urbana,Calle,PAMPIN,2200,GDOR  RUIZ,,,,1,1,0,1,0,Caída desde vehículo,Caída desde vehículo,,,,1,,Curva Horizontal,,,,Asfalto,,Apto,Seca,,S/D,,S/D,,Si,Si,Si,Día,,,Despejado,,,Sin Semáforo
177781,OBSERVATORIO VIAL,2023-11-02,14:30:00,CORRIENTES,18,CAPITAL,21,CORRIENTES,Urbana,Avenida,AV INDEPENDENCIA,3600,MEDRANO,,,,0,1,0,2,0,Colisión entre vehículos,Colisión entre vehículos,,,,2,,Intersección / cruce,,,S/D,Asfalto,,Apto,Seca,,S/D,,S/D,,S/D,S/D,S/D,Día,,,Despejado,,,Funciona
201243,OBSERVATORIO VIAL,2023-10-30,12:00:00,CORRIENTES,18,CAPITAL,21,CORRIENTES,Urbana,Avenida,FERRE,1850,VELEZ SARFIELD,,,,2,0,0,2,0,Colisión entre vehículos,Colisión entre vehículos,,,,2,,Recta,,,,Asfalto,,Apto,Seca,,S/D,,S/D,,S/D,S/D,S/D,Día,,,Despejado,,,S/D
196753,OBSERVATORIO VIAL,2023-10-29,9:00:00,CORRIENTES,18,CAPITAL,21,CORRIENTES,Urbana,Avenida,FERRE,2390,,,,,2,0,0,2,0,Colisión entre vehículos,Colisión entre vehículos,,,,2,,Recta,,,,Asfalto,,Apto,Seca,,S/D,,,,S/D,S/D,S/D,Día,,,Nublado,,,S/D
178615,OBSERVATORIO VIAL,2023-10-29,11:36:00,CORRIENTES,18,CAPITAL,21,CORRIENTES,Urbana,Avenida,RECONQUISTA,0,BROWN,,,,1,1,0,2,0,Colisión entre vehículos,Colisión entre vehículos,,,,2,,Intersección / cruce,,,S/D,S/D,,Apto,Seca,,S/D,,S/D,,S/D,S/D,S/D,Día,,,Despejado,,,Sin Semáforo
190580,OBSERVATORIO VIAL,2023-10-28,9:35:00,CORRIENTES,18,CAPITAL,21,CORRIENTES,Urbana,Calle,PARAGUAY,1205,SAN MARTIN,,,,1,1,0,2,0,Colisión entre vehículos,Colisión entre vehículos,,,Alcance,2,,Intersección / cruce,,,S/D,Asfalto,,Apto,Seca,,Ninguna,,S/D,,S/D,S/D,S/D,Día,,,Despejado,,,Sin Semáforo
181851,OBSERVATORIO VIAL,2023-10-28,16:13:00,CORRIENTES,18,CAPITAL,21,CORRIENTES,Urbana,Avenida,AV INDEPENDENCIA,4500,,,,,2,0,0,2,0,Colisión entre vehículos,Colisión entre vehículos,,,Alcance,2,,Intersección / cruce,,,S/D,Asfalto,,Apto,Seca,,S/D,,Asfalto,,S/D,S/D,S/D,Día,,,Despejado,,,S/D
190622,OBSERVATORIO VIAL,2023-10-26,13:47:00,CORRIENTES,18,CAPITAL,21,CORRIENTES,Urbana,Calle,BOLIVAR,1300,CATAMARCA,,,,4,0,0,2,0,Colisión entre vehículos,Colisión entre vehículos,,,Alcance,2,,Intersección / cruce,,,S/D,Asfalto,,Apto,Seca,,S/D,,S/D,,S/D,S/D,S/D,Día,,,Despejado,,,S/D
189215,OBSERVATORIO VIAL,2023-10-25,14:39:00,CORRIENTES,18,CAPITAL,21,CORRIENTES,Urbana,Calle,QUINTANA,1700,ESPAÑA,,,,2,0,0,2,0,Colisión entre vehículos,Colisión entre vehículos,,,,2,,Intersección / cruce,,,S/D,Asfalto,,Apto,Seca,,S/D,,S/D,,S/D,S/D,S/D,Día,,,Despejado,,,Sin Semáforo
186725,OBSERVATORIO VIAL,2023-10-25,12:05:00,CORRIENTES,18,CAPITAL,21,CORRIENTES,Urbana,Calle,SANTA FE,847,,,,,3,0,0,2,0,Colisión entre vehículos,Colisión entre vehículos,,,Angulo,2,,Intersección / cruce,,,,Asfalto,,Apto,Seca,,S/D,,S/D,,S/D,S/D,S/D,Día,,,Despejado,,,S/D
198239,OBSERVATORIO VIAL,2023-10-25,10:00:00,CORRIENTES,18,CAPITAL,21,CORRIENTES,Urbana,Avenida,ARTIGAS,1100,BOLIVAR,,,,2,0,0,2,0,Colisión entre vehículos,Colisión entre vehículos,,,,2,,Recta,,,,Asfalto,,Apto,Seca,,S/D,,Asfalto,,S/D,S/D,S/D,Día,,,Despejado,,,S/D
212387,OBSERVATORIO VIAL,2023-10-24,22:15:00,CORRIENTES,18,CAPITAL,21,CORRIENTES,Urbana,Avenida,AV ARMENIA,3200,24 DE agosto,,,,1,1,0,2,0,Colisión entre vehículos,Colisión entre vehículos,,,Lateral,2,,Intersección / cruce,,,S/D,Asfalto,,Apto,Seca,,Cantero central,,Ninguna,,Si,Si,No,Noche,NO,,Despejado,,,Funciona
177730,OBSERVATORIO VIAL,2023-10-23,9:15:00,CORRIENTES,18,CAPITAL,21,CORRIENTES,Urbana,Avenida,AV INDEPENDENCIA,5198,SANCHEZ DE  BUSTAMANTE,,,,2,0,0,2,0,Colisión entre vehículos,Colisión entre vehículos,,,,2,,Intersección / cruce,,,S/D,Asfalto,,Apto,Seca,,S/D,,S/D,,S/D,S/D,S/D,Día,,,Despejado,,,Funciona
184107,OBSERVATORIO VIAL,2023-10-22,10:51:00,CORRIENTES,18,CAPITAL,21,CORRIENTES,Urbana,Avenida,AV PAYSANDU,4100,LELOIR,,,,2,1,0,2,0,Colisión entre vehículos,Colisión entre vehículos,,,Lateral,2,,Intersección / cruce,,,No obstruido,Asfalto,,Apto,Seca,,Cantero central,,Ninguna,,S/D,S/D,S/D,Día,,,Despejado,,,Sin Semáforo
194951,OBSERVATORIO VIAL,2023-10-22,7:40:00,CORRIENTES,18,CAPITAL,21,CORRIENTES,Urbana,Calle,AV LIBERTAD,5150,,,,,3,1,0,2,0,Colisión entre vehículos,Colisión entre vehículos,,,Alcance,2,,Recta,,,,Asfalto,,Apto,Seca,,S/D,,S/D,,Si,Si,No,Día,,,Despejado,,,Funciona
207721,OBSERVATORIO VIAL,2023-10-22,17:00:00,CORRIENTES,18,CAPITAL,21,CORRIENTES,Urbana,Calle,YATAY,4500,URUNDAY,,,,1,0,0,1,0,Salida de calzada,Salida de calzada,,DESPISTE,,1,,Intersección / cruce,,,S/D,Asfalto,,Apto,Seca,,Ninguna,,Ninguna,,S/D,S/D,S/D,Día,,,Despejado,,,S/D
177738,OBSERVATORIO VIAL,2023-10-22,13:10:00,CORRIENTES,18,CAPITAL,21,CORRIENTES,Urbana,Calle,PLACIDO MARTINEZ,800,LA RIOJA,,,,2,0,0,2,0,Colisión entre vehículos,Colisión entre vehículos,,,,2,,Recta,,,,Asfalto,,Apto,Seca,,,,,,S/D,S/D,S/D,Día,,,Despejado,,,Funciona
182662,OBSERVATORIO VIAL,2023-10-21,16:30:00,CORRIENTES,18,CAPITAL,21,CORRIENTES,Urbana,Calle,MENDOZA,1200,3 DE abril,,,,0,2,0,2,0,Colisión entre vehículos,Colisión entre vehículos,,,Lateral,2,,Intersección / cruce,,,No obstruido,Asfalto,,Apto,Seca,,Ninguna,,Ninguna,,Si,Si,No,Día,,,Despejado,,,Funciona
185921,OBSERVATORIO VIAL,2023-10-21,10:30:00,CORRIENTES,18,CAPITAL,21,CORRIENTES,Urbana,Avenida,AV CAZADOREZ CORRENTINOS,5.500,SANCHEZ DE BUSTAMANTE,,,,0,0,1,1,0,Caída desde vehículo,Caída desde vehículo,,,,1,,Recta,,,,Asfalto,,Apto,Seca,,Cantero central,,S/D,,S/D,S/D,S/D,Día,,,Despejado,,,S/D
202004,OBSERVATORIO VIAL,2023-10-20,21:25:00,CORRIENTES,18,CAPITAL,21,CORRIENTES,Urbana,Avenida,AV EL MAESTRO,2000,IBERA,,,,1,1,0,2,0,Colisión entre vehículos,Colisión entre vehículos,,,,2,,Intersección / cruce,,,,,,Apto,Seca,,,,Asfalto,,S/D,S/D,S/D,Noche,NO,,Despejado,,,Funciona
212926,OBSERVATORIO VIAL,2023-10-19,12:20:00,CORRIENTES,18,CAPITAL,21,CORRIENTES,Urbana,Avenida,AV INDEPENDENCIA,3200,REP DOMINICANA,RECONQUISTA,,,2,0,0,2,0,Colisión entre vehículos,Colisión entre vehículos,,,Alcance,2,,Intersección / cruce,,,S/D,Asfalto,,Apto,Seca,,Cantero central,,Ninguna,,Si,Si,No,Día,,,,,,Funciona