id_feu,unidad_regional,siniestro_fecha,siniestro_hora,provincia,id_provincia,departamento,id_departamento,localidad,zona_ocurrencia,via_publica,nombre_via,altura_km,entre_calle_1,entre_calle_2,latitud,longitud,ilesos,heridos,fallecidos,vehiculos,peatones,tipo_siniestro_multiple,tipo_siniestro_unico,despiste_previo,tipo_siniestro_otro,tipo_colision,cantidad_de_involucrados,trazado_via,configuracion_de_la_via,configuracion_de_la_via_otro_tipo,pendiente_declive,cono_de_vision,material_de_la_calzada,material_de_la_calzada_otro,estado_de_la_calzada,estado_fisico_ambiental,estado_de_conservacion_otro,division_fisica_de_la_via,division_fisica_de_la_via_otro,barreras_de_seguridad,banquinas,senalizacion_carteleria,senalizacion_horizontal,senalizacion_transitoria,luminosidad,luz_artificial,transito_restringido,estado_ambiental,visibilidad,visibilidad_otro,semaforo
177799,OBSERVATORIO VIAL,2023-02-24,8:15:00,CORRIENTES,18,CAPITAL,21,CORRIENTES,Urbana,Avenida,AVENIDA FERRE,2600,VELEZ SARSFIELD,,,,2,0,0,2,0,Colisión entre vehículos,Colisión entre vehículos,,,Alcance,2,,Intersección / cruce,,,S/D,Asfalto,,Apto,Seca,,S/D,,S/D,,S/D,S/D,S/D,Día,,,Despejado,,,S/D
177773,OBSERVATORIO VIAL,2023-02-23,15:30:00,CORRIENTES,18,CAPITAL,21,CORRIENTES,Urbana,Avenida,AVENIDA MAIPÚ,3600,ACONCAGUA,,-2.749.830,-5.881.523,1,1,0,2,0,Colisión entre vehículos,Colisión entre vehículos,,,,2,,Intersección / cruce,,,No obstruido,Asfalto,,Apto,Seca,,Ninguna,,Ninguna,,Si,Si,No,Día,,,Despejado,,,Sin Semáforo
176229,OBSERVATORIO VIAL,2023-02-22,11:30:00,CORRIENTES,18,CAPITAL,21,CORRIENTES,Urbana,Calle,SAN MARTIN,2300,ITUZAINGO,,,,1,1,0,2,0,Colisión entre vehículos,Colisión entre vehículos,,,,2,,Intersección / cruce,,,S/D,Asfalto,,Apto,Seca,,S/D,,S/D,,S/D,S/D,S/D,Día,,,Despejado,,,Sin Semáforo
180921,OBSERVATORIO VIAL,2023-02-20,7:10:00,CORRIENTES,18,CAPITAL,21,CORRIENTES,Urbana,Avenida,AV MAIPU,0,ESPAÑA,,,,2,0,0,2,0,Colisión entre vehículos,Colisión entre vehículos,,,,2,,Recta,,,,Asfalto,,Apto,Seca,,S/D,,S/D,,Si,Si,Si,,,,Despejado,,,S/D
189764,OBSERVATORIO VIAL,2023-02-16,7:45:00,CORRIENTES,18,CAPITAL,21,CORRIENTES,Urbana,Calle,TENIENTE IBAÑEZ,1300,CONTE,,,,1,1,0,2,0,Colisión entre vehículos,Colisión entre vehículos,,,,2,,Curva Horizontal,,,,Asfalto,,Apto,Seca,,S/D,,S/D,,S/D,S/D,S/D,Día,,,Despejado,,,S/D
189209,OBSERVATORIO VIAL,2023-02-15,10:05:00,CORRIENTES,18,CAPITAL,21,CORRIENTES,Urbana,Avenida,AV PUJOL,1600,ESPAÑA,ROCA,,,1,1,0,1,0,S/D,S/D,,,,1,,Recta,,,,Asfalto,,Apto,Seca,,S/D,,S/D,,S/D,S/D,S/D,Día,,,Despejado,,,S/D
185884,OBSERVATORIO VIAL,2023-02-14,18:13:00,CORRIENTES,18,CAPITAL,21,CORRIENTES,Urbana,Avenida,AV MAIPU,Km 10,ARISTOBULO DEL VALLE,,,,1,1,0,2,0,Colisión entre vehículos,Colisión entre vehículos,,,Alcance,2,,Intersección / cruce,,,S/D,Asfalto,,Apto,Seca,,S/D,,S/D,,S/D,S/D,S/D,Día,,,Despejado,,,
198235,OBSERVATORIO VIAL,2023-02-14,10:45:00,CORRIENTES,18,CAPITAL,21,CORRIENTES,Urbana,Avenida,CAZADORES CORRENTINOS,3955,,,,,1,1,0,2,0,Colisión entre vehículos,Colisión entre vehículos,,,Angulo,2,,Recta,,,,Asfalto,,Apto,Seca,,S/D,,S/D,,S/D,S/D,S/D,Día,,,Despejado,,,S/D
205307,OBSERVATORIO VIAL,2023-02-14,20:00:00,CORRIENTES,18,CAPITAL,21,CORRIENTES,Urbana,Ruta Provincial,5,KM 5,ALT. Bª SAMELA,,-2.749.010,-5.875.743,1,1,0,2,0,Colisión entre vehículos,Colisión entre vehículos,,,,2,,Intersección / cruce,,,,Asfalto,,En reparación,,,Otro,,Tierra,,Si,,,Noche,SI,,Despejado,,,Sin Semáforo
184875,OBSERVATORIO VIAL,2023-02-13,9:55:00,CORRIENTES,18,CAPITAL,21,CORRIENTES,Urbana,Calle,25 DE mayo,1800,PARAGUAY,,,,2,0,0,2,0,Colisión entre vehículos,Colisión entre vehículos,,,Alcance,2,,Intersección / cruce,,,,Asfalto,,Apto,Seca,,S/D,,S/D,,No,No,No,Día,,,Despejado,,,Sin Semáforo
206673,OBSERVATORIO VIAL,2023-02-12,10:30:00,CORRIENTES,18,CAPITAL,21,CORRIENTES,Rural,Avenida,AV SANTA ROSA,2300,NECOCHEA,,-2.748.157,-5.882.030,1,1,0,2,0,Colisión entre vehículos,Colisión entre vehículos,,,,2,,Intersección / cruce,,,S/D,Asfalto,,Apto,Seca,,Otro,,Otro,,Si,Si,S/D,Día,,,Despejado,,,Sin Semáforo
188345,OBSERVATORIO VIAL,2023-02-12,19:00:00,CORRIENTES,18,CAPITAL,21,CORRIENTES,Urbana,Calle,GUEMES,1700,LAS HERAS,,,,0,3,0,2,0,Colisión entre vehículos,Colisión entre vehículos,,,,2,,Intersección / cruce,,,S/D,Asfalto,,Apto,Seca,,S/D,,S/D,,Si,Si,Si,Día,,,Despejado,,,Sin Semáforo
201249,OBSERVATORIO VIAL,2023-02-12,22:00:00,CORRIENTES,18,CAPITAL,21,CORRIENTES,Urbana,Calle,QUINTANA,3400,SAN LORENZO,CATAMARCA,,,4,0,0,2,0,Colisión entre vehículos,Colisión entre vehículos,,,,2,,Intersección / cruce,,,,Asfalto,,Apto,Seca,,S/D,,S/D,,S/D,S/D,S/D,Noche,,,Despejado,,,S/D
207575,OBSERVATORIO VIAL,2023-02-11,0:40:00,CORRIENTES,18,CAPITAL,21,CORRIENTES,Urbana,Avenida,AV MAIPU,300,BAIGORRIA,,,,1,1,0,2,0,Colisión entre vehículos,Colisión entre vehículos,,,,2,,Intersección / cruce,,,S/D,Asfalto,,Apto,Seca,,Cantero central,,Ninguna,,Si,Si,No,Noche,NO,,Despejado,,,Sin Semáforo
212421,OBSERVATORIO VIAL,2023-02-11,8:30:00,CORRIENTES,18,CAPITAL,21,CORRIENTES,Urbana,Ruta Nacional,12,1027,ENTRADA A LAS 500 VDAS,,,,2,0,0,2,0,Colisión entre vehículos,Colisión entre vehículos,,,Alcance,2,,Intersección / cruce,,,S/D,Asfalto,,Apto,Seca,,Ninguna,,Tierra,,No,No,No,Día,,,Despejado,,,Sin Semáforo
208363,OBSERVATORIO VIAL,2023-02-10,12:30:00,CORRIENTES,18,CAPITAL,21,CORRIENTES,Urbana,Avenida,AV 3 DE ABRIL,1500,SANTA FE,,,,3,0,0,3,0,Colisión entre vehículos,Colisión entre vehículos,,,Alcance,3,,Intersección / cruce,,,S/D,Asfalto,,Apto,Seca,,Cantero central,,Ninguna,,Si,Si,S/D,Día,,,Despejado,,,Funciona
190630,OBSERVATORIO VIAL,2023-02-10,7:10:00,CORRIENTES,18,CAPITAL,21,CORRIENTES,Urbana,Calle,BRASIL,1053,,,,,2,0,0,2,0,Colisión entre vehículos,Colisión entre vehículos,,,Lateral,2,,Recta,,,,Asfalto,,Apto,Seca,,S/D,,S/D,,No,No,No,Día,,,Despejado,,,Sin Semáforo
212404,OBSERVATORIO VIAL,2023-02-09,8:15:00,CORRIENTES,18,CAPITAL,21,CORRIENTES,Urbana,Avenida,ROTONDA ESPAÑA,2100,J PAMPIN,,,,2,0,0,2,0,Colisión entre vehículos,Colisión entre vehículos,,,Lateral,2,,Rotonda,,,,Asfalto,,Apto,Seca,,Cantero central,,Ninguna,,Si,Si,No,Día,,,Despejado,,,Sin Semáforo
198247,OBSERVATORIO VIAL,2023-02-09,2:10:00,CORRIENTES,18,CAPITAL,21,CORRIENTES,Urbana,Calle,AV LIBERTAD,5800,,,,,0,1,0,1,0,Colisión entre vehículos,Colisión entre vehículos,,,,1,,Recta,,,,S/D,,Apto,Seca,,,,S/D,,S/D,S/D,S/D,Noche,,,Despejado,,,S/D
199940,OBSERVATORIO VIAL,2023-02-09,19:30:00,CORRIENTES,18,CAPITAL,21,CORRIENTES,Urbana,Avenida,AVENIDA CHACABUCO,2000,,,,,2,0,0,2,0,Colisión entre vehículos,Colisión entre vehículos,,,Alcance,2,,S/D,,,,Asfalto,,Apto,Seca,,S/D,,S/D,,S/D,S/D,S/D,Noche,SI,,Despejado,,,S/D
209202,OBSERVATORIO VIAL,2023-02-08,5:45:00,CORRIENTES,18,CAPITAL,21,CORRIENTES,Urbana,Avenida,AV PAYSANDU,3700,IBERA,,,,3,1,0,2,0,Colisión entre vehículos,Colisión entre vehículos,,,Lateral,2,,Intersección / cruce,,,S/D,Asfalto,,Apto,Seca,,Cantero central,,Ninguna,,Si,Si,No,Día,,,Despejado,,,Funciona
207559,OBSERVATORIO VIAL,2023-02-07,6:00:00,CORRIENTES,18,CAPITAL,21,CORRIENTES,Urbana,Avenida,AV ARMENIA,4100,,,,,0,1,0,1,0,Caída desde vehículo,Caída desde vehículo,,,,1,,Intersección / cruce,,,S/D,Asfalto,,Apto,Seca,,Cantero central,,Ninguna,,S/D,S/D,S/D,Noche,SI,,Despejado,,,S/D
180924,OBSERVATORIO VIAL,2023-02-07,9:40:00,CORRIENTES,18,CAPITAL,21,CORRIENTES,Urbana,Avenida,GUAYQUIRARO,0,AV MAIPU,,,,2,0,0,2,0,Colisión entre vehículos,Colisión entre vehículos,,,,2,,Intersección / cruce,,,S/D,Asfalto,,Apto,,,S/D,,S/D,,S/D,S/D,S/D,Día,,,Despejado,,,S/D
194023,OBSERVATORIO VIAL,2023-02-07,17:15:00,CORRIENTES,18,CAPITAL,21,CORRIENTES,S/D,Ruta Provincial,RUTA 5,4,SANTA BERNARDINA,,,,0,3,0,2,0,Colisión entre vehículos,Colisión entre vehículos,,,,2,,Intersección / cruce,,,S/D,Asfalto,,Apto,Seca,,S/D,,S/D,,S/D,S/D,S/D,Día,,,Despejado,,,S/D
208332,OBSERVATORIO VIAL,2023-02-07,9:45:00,CORRIENTES,18,CAPITAL,21,CORRIENTES,Urbana,Avenida,TENIENTE IBAÑEZ,1400,VARGAS GOMEZ,,,,2,0,0,2,0,Colisión entre vehículos,Colisión entre vehículos,,,Lateral,2,,Intersección / cruce,,,No obstruido,Asfalto,,Apto,Mojada,,Cantero central,,Ninguna,,Si,No,No,Día,,,Despejado,,,Sin Semáforo
207706,OBSERVATORIO VIAL,2023-02-07,18:00:00,CORRIENTES,18,CAPITAL,21,CORRIENTES,Urbana,Avenida,AV GDOR RUIZ,2400,,,,,0,1,0,1,0,Caída desde vehículo,Caída desde vehículo,,,,1,,Intersección / cruce,,,S/D,Asfalto,,Apto,Seca,,Otro,,Ninguna,,S/D,S/D,S/D,Día,,,Despejado,,,S/D
193975,OBSERVATORIO VIAL,2023-02-07,13:40:00,CORRIENTES,18,CAPITAL,21,CORRIENTES,Urbana,Avenida,AV INDEPENDENCIA,3200,JUAN J CASTELLI,,,,2,1,0,3,0,Colisión entre vehículos,Colisión entre vehículos,,,Alcance,3,,Recta,,,,Asfalto,,Apto,Seca,,S/D,,S/D,,Si,Si,,Día,,,Despejado,,,Funciona
193978,OBSERVATORIO VIAL,2023-02-07,6:00:00,CORRIENTES,18,CAPITAL,21,CORRIENTES,Urbana,Avenida,AV PAYSANDU,1700,,,,,1,0,0,1,0,Caída desde vehículo,Caída desde vehículo,Si,,,1,,Mitad de la calle / avenida,,,,Asfalto,,Apto,Seca,,S/D,,S/D,,S/D,Si,S/D,Noche,,,Despejado,,,Sin Semáforo
176192,OBSERVATORIO VIAL,2023-02-03,11:22:00,CORRIENTES,18,CAPITAL,21,CORRIENTES,Urbana,Calle,TUCUMÁN,900,JUNÍN,,-2.746.722,-5.884.171,2,0,0,2,0,Colisión entre vehículos,Colisión entre vehículos,,,,2,,Intersección / cruce,,,No obstruido,Asfalto,,Apto,Seca,,Ninguna,,Ninguna,,Si,No,No,Día,,,Despejado,,,Sin Semáforo
199949,OBERVATORIO VIAL,2023-02-02,8:45:00,CORRIENTES,18,CAPITAL,21,CORRIENTES,Urbana,Avenida,AV FERRE,2599,AV ARTIGAS,,,,2,0,0,2,0,Colisión entre vehículos,Colisión entre vehículos,,,,2,,Recta,,,,Asfalto,,Apto,Seca,,S/D,,S/D,,S/D,S/D,S/D,Día,,,Despejado,,,S/D
212411,OBSERVATORIO VIAL,2023-02-02,14:50:00,CORRIENTES,18,CAPITAL,21,CORRIENTES,Urbana,Avenida,AV TTE IBAÑEZ,1400,VARGAS GOMEZ,,,,1,1,0,2,0,Colisión entre vehículos,Colisión entre vehículos,,,Rozamiento,2,,Intersección / cruce,,,No obstruido,Asfalto,,Apto,Seca,,Cantero central,,Ninguna,,Si,Si,No,Día,,,Despejado,,,Sin Semáforo
201237,OBSERVATORIO VIAL,2023-02-02,8:45:00,CORRIENTES,18,CAPITAL,21,CORRIENTES,Urbana,Ruta Provincial,5,5000,J. PABLO ROMERO,,,,1,1,0,2,0,Colisión entre vehículos,Colisión entre vehículos,,,,2,,Recta,,,,Asfalto,,Apto,Seca,,Ninguna,,S/D,,S/D,S/D,S/D,Día,,,Otro,,,S/D
205603,OBSERVATORIO VIAL,2023-02-01,8:17:00,CORRIENTES,18,CAPITAL,21,CORRIENTES,Urbana,Calle,SANTA FE,1100,BOLIVAR,,,,1,1,0,2,0,Colisión entre vehículos,Colisión entre vehículos,,,Lateral,2,,Intersección / cruce,,,S/D,Asfalto,,Apto,Seca,,,,Ninguna,,,,,Día,,,,,,Funciona
199129,OBSERVATORIO VIAL,2023-01-30,12:56:00,CORRIENTES,18,CAPITAL,21,CORRIENTES,Urbana,Calle,MENDOZA,1201,BOLIVAR,,,,1,1,0,2,0,Colisión entre vehículos,Colisión entre vehículos,,,,2,,Recta,,,,Asfalto,,Apto,Seca,,S/D,,S/D,,S/D,S/D,S/D,Día,,,Despejado,,,S/D
201967,OBSERVATORIO VIAL,2023-01-30,8:17:00,CORRIENTES,18,CAPITAL,21,CORRIENTES,Urbana,Calle,ESPAÑA,1768,MORENO,,,,1,1,0,2,0,Colisión entre vehículos,Colisión entre vehículos,,,,2,,Intersección / cruce,,,S/D,Asfalto,,Apto,Seca,,S/D,,Asfalto,,S/D,S/D,S/D,,,,Despejado,,,S/D
207085,OBSERVATORIO VIAL,2023-01-30,10:26:00,CORRIENTES,18,CAPITAL,21,CORRIENTES,Urbana,Avenida,AV CHACABUCO,1800,GENERAL PAL,,,,1,1,0,2,0,Colisión entre vehículos,Colisión entre vehículos,,,Lateral,2,,Intersección / cruce,,,S/D,,,Apto,Seca,,Barreras de seguridad,,Ninguna,,Si,Si,No,Día,,,Despejado,,,Funciona
197501,OBSERVATORIO VIAL,2023-01-28,12:30:00,CORRIENTES,18,CAPITAL,21,CORRIENTES,Urbana,Calle,GUEMES,1600,GENERAL PAZ,,,,1,1,0,2,0,Colisión entre vehículos,Colisión entre vehículos,,,Angulo,2,,Intersección / cruce,,,S/D,Asfalto,,Apto,Seca,,S/D,,Asfalto,,S/D,S/D,S/D,Día,,,Despejado,,,S/D
207683,OBSERVATORIO VIAL,2023-01-27,7:30:00,CORRIENTES,18,CAPITAL,21,CORRIENTES,Urbana,Avenida,AV ALTA GRACIA,2400,,,,,1,1,0,2,0,Colisión entre vehículos,Colisión entre vehículos,,,Rozamiento,2,,Intersección / cruce,,,S/D,Asfalto,,Apto,Seca,,Ninguna,,Ninguna,,No,No,No,Noche,NO,,Despejado,,,Sin Semáforo
176190,OBSERVATORIO VIAL,2023-01-27,9:00:00,CORRIENTES,18,CAPITAL,21,CORRIENTES,Urbana,Calle,SAN MARTÍN,1100,SAN LORENZO,,-2.747.028,-5.883.204,2,0,0,2,0,Colisión entre vehículos,Colisión entre vehículos,,,,2,,Intersección / cruce,,,No obstruido,Asfalto,,Apto,Seca,,Ninguna,,Ninguna,,No,Si,No,Día,,,Despejado,,,Sin Semáforo
177717,OBSERVATORIO VIAL,2023-01-26,7:20:00,CORRIENTES,18,CAPITAL,21,CORRIENTES,Urbana,Calle,BUENOS AIRES,600,25 DE mayo,,-2.746.386,-5.884.018,2,0,0,2,0,Colisión entre vehículos,Colisión entre vehículos,,,,2,,Intersección / cruce,,,No obstruido,Asfalto,,Apto,Seca,,Ninguna,,Ninguna,,S/D,S/D,No,Día,,,Despejado,,,Sin Semáforo
182656,OBSERVATORIO VIAL,2023-01-26,13:30:00,CORRIENTES,18,CAPITAL,21,CORRIENTES,Urbana,Calle,BELGRANO,1700,JUJUY,,-2.747.277,-5.882.893,2,0,0,2,0,Colisión entre vehículos,Colisión entre vehículos,,,Lateral,2,,Intersección / cruce,,,,Asfalto,,Apto,Seca,,Ninguna,,Ninguna,,Si,Si,No,Día,,,Despejado,,,Sin Semáforo
186748,OBSERVATORIO VIAL,2023-01-23,14:08:00,CORRIENTES,18,CAPITAL,21,CORRIENTES,Urbana,Calle,25 DE mayo,1100,,,,,2,0,0,2,0,Colisión entre vehículos,Colisión entre vehículos,,,,2,,Intersección / cruce,,,S/D,Asfalto,,Apto,Seca,,S/D,,S/D,,S/D,S/D,S/D,Día,,,Despejado,,,S/D
189214,OBSERVATORIO VIAL,2023-01-22,13:10:00,CORRIENTES,18,CAPITAL,21,CORRIENTES,Urbana,Ruta Provincial,RUTA 12,1024,ACCESO BARRIO PONCE,,,,2,2,0,2,0,Colisión entre vehículos,Colisión entre vehículos,,,,2,,Recta,,,,Asfalto,,Apto,Seca,,S/D,,S/D,,S/D,S/D,S/D,Día,,,Despejado,,,Funciona
194943,OBSERVATORIO VIAL,2023-01-21,10:35:00,CORRIENTES,18,CAPITAL,21,CORRIENTES,Urbana,Avenida,MAIPU,99,IBERA,,,,1,1,0,1,1,Atropello a peatón/es,Atropello a peatón/es,,,,2,,Intersección / cruce,,,S/D,Asfalto,,Apto,Seca,,S/D,,S/D,,S/D,S/D,S/D,Día,,,Despejado,,,S/D
207720,OBSERVATORIO VIAL,2023-01-21,12:15:00,CORRIENTES,18,CAPITAL,21,CORRIENTES,Urbana,Avenida,AV CHACABUCO,1200,ALMIRANTE BROWN,,,,1,1,0,2,0,Colisión entre vehículos,Colisión entre vehículos,,,Lateral,2,,Intersección / cruce,,,S/D,Asfalto,,Apto,Seca,,Cantero central,,Ninguna,,No,No,No,Día,,,Despejado,,,Sin Semáforo
205566,OBSERVATORIO VIAL,2023-01-21,13:45:00,CORRIENTES,18,CAPITAL,21,CORRIENTES,Urbana,Calle,COLOMBIA,1100,ESTADO DE ISRAEL,,,,3,2,0,2,0,Colisión entre vehículos,Colisión entre vehículos,,,Alcance,2,,Intersección / cruce,,,S/D,Asfalto,,Apto,Seca,,Ninguna,,Ninguna,,Si,S/D,S/D,Día,,,Despejado,,,Sin Semáforo
185843,OBSERVATORIO VIAL,2023-01-19,8:00:00,CORRIENTES,18,CAPITAL,21,CORRIENTES,Urbana,Avenida,AVENIDA MAIPU,5000,,,,,3,0,0,3,0,Colisión entre vehículos,Colisión entre vehículos,,,Alcance,3,,Intersección / cruce,,,S/D,,,Apto,Seca,,S/D,,,,S/D,S/D,S/D,Día,,,Despejado,,,Sin Semáforo
177724,OBSERVATORIO VIAL,2023-01-18,12:19:00,CORRIENTES,18,CAPITAL,21,CORRIENTES,Urbana,Calle,,,TUCUMAN,,,,2,1,0,3,0,Colisión entre vehículos,Colisión entre vehículos,,,,3,,Recta,,,,Asfalto,,Apto,Seca,,S/D,,S/D,,S/D,S/D,S/D,Día,,,Despejado,,,
200510,OBSERVATORIO VIAL,2023-01-18,10:20:00,CORRIENTES,18,CAPITAL,21,CORRIENTES,Urbana,Calle,SAN  LUIS,830,9 DE julio,,,,2,0,0,2,0,Colisión entre vehículos,Colisión entre vehículos,,,,2,,Intersección / cruce,,,S/D,Asfalto,,Apto,Seca,,S/D,,Asfalto,,S/D,S/D,S/D,Día,,,Despejado,,,S/D
201999,OBSERVATORIO VIAL,2023-01-18,9:23:00,CORRIENTES,18,CAPITAL,21,CORRIENTES,Urbana,Avenida,AV INDEPENDENCIA,5000,,,,,3,0,0,3,0,Colisión entre vehículos,Colisión entre vehículos,,,,3,,Recta,,,,Asfalto,,Apto,Seca,,S/D,,Asfalto,,S/D,S/D,S/D,Día,,,Despejado,,,S/D
176230,OBSERVATORIO VIAL,2023-01-18,11:20:00,CORRIENTES,18,CAPITAL,21,CORRIENTES,Urbana,Avenida,AV FERRE,2200,PERU,,,,1,0,0,1,0,Colisión entre vehículos,Colisión entre vehículos,,,Alcance,1,,Recta,,,,Asfalto,,Apto,Seca,,S/D,,S/D,,S/D,S/D,S/D,Día,,,Despejado,,,Sin Semáforo
199951,OBSERVATORIO VIAL,2023-01-13,10:40:00,CORRIENTES,18,CAPITAL,21,CORRIENTES,Urbana,Calle,CARTAGENA,4100,OSCAR CASCO,,,,0,1,0,1,0,Atropello a animal/es,Atropello a animal/es,,,,1,,Intersección / cruce,,,S/D,Asfalto,,Apto,Seca,,S/D,,S/D,,S/D,S/D,S/D,Día,,,Despejado,,,Sin Semáforo
189278,OBSERVATORIO VIAL,2023-01-12,14:54:00,CORRIENTES,18,CAPITAL,21,CORRIENTES,Urbana,Avenida,AV PUJOL,2200,VELEZ SARDFIELD,,,,1,1,0,2,0,Colisión entre vehículos,Colisión entre vehículos,,,,2,,Intersección / cruce,,,S/D,Asfalto,,Apto,Seca,,S/D,,S/D,,S/D,S/D,S/D,Día,,,Despejado,,,S/D
184925,OBSERVATORIO VIAL,2023-01-10,9:54:00,CORRIENTES,18,CAPITAL,21,CORRIENTES,Urbana,Calle,LA HERAS,3800,GUEMES,,,,1,2,0,2,0,Colisión entre vehículos,Colisión entre vehículos,,,Alcance,2,,Intersección / cruce,,,,Asfalto,,Apto,Seca,,,,S/D,,No,No,No,Día,,,Despejado,,,Sin Semáforo
180110,OBSERVATORIO VIAL,2023-01-09,9:27:00,CORRIENTES,18,CAPITAL,21,CORRIENTES,Urbana,Avenida,AV CENTENARIO,4105,,,,,0,1,0,1,0,Caída desde vehículo,Caída desde vehículo,,,,1,,Recta,,,,Asfalto,,Apto,Seca,,S/D,,S/D,,S/D,S/D,S/D,Día,,,Despejado,,,S/D
194940,OBSERVATORIO VIAL,2023-01-08,16:30:00,CORRIENTES,18,CAPITAL,21,CORRIENTES,Urbana,Calle,BOLIVAR,2000,BRASIL,,,,3,0,0,3,0,Colisión entre vehículos,Colisión entre vehículos,,,Multiple,3,,Recta,,,,Asfalto,,Apto,Seca,,S/D,,S/D,,Si,S/D,Si,Día,,,Despejado,,,Sin Semáforo
212911,OBSERVATORIO VIAL,2023-01-07,6:29:00,CORRIENTES,18,CAPITAL,21,CORRIENTES,Urbana,Calle,JOSE RAMON VIDAL,1900,NECOCHEA,,,,1,1,0,2,0,Colisión entre vehículos,Colisión entre vehículos,,,Lateral,2,,Intersección / cruce,,,S/D,Asfalto,,Apto,Seca,,Ninguna,,Asfalto,,Si,Si,No,Día,,,Despejado,,,Sin Semáforo
194950,OBSERVATORIO VIAL,2023-01-07,13:45:00,CORRIENTES,18,CAPITAL,21,CORRIENTES,Urbana,Avenida,AV MAIPU,2400,ACONCAGUA,,,,2,0,0,1,1,Atropello a peatón/es,Atropello a peatón/es,,,,2,,Recta,,,,Asfalto,,Apto,Seca,,S/D,,,,S/D,S/D,S/D,Día,,,Despejado,,,S/D
182654,OBSERVATORIO VIAL,2023-01-07,13:15:00,CORRIENTES,18,CAPITAL,21,CORRIENTES,Urbana,Avenida,AV IV CENTENARIO,2487,,,,,1,1,1,2,0,Colisión entre vehículos,Colisión entre vehículos,,,Lateral,2,,Mitad de la calle / avenida,,,,Asfalto,,Apto,Seca,,Cantero central,,Ninguna,,S/D,S/D,S/D,Día,,,Despejado,,,Sin Semáforo
185920,OBSERVATORIO VIAL,2023-01-07,6:25:00,CORRIENTES,18,CAPITAL,21,CORRIENTES,Urbana,Avenida,AV CHACABUCO,1500,LUIS BRAILE,,,,2,1,1,3,0,Colisión entre vehículos,Colisión entre vehículos,,,Multiple,3,,Recta,,,,Asfalto,,Apto,Seca,,S/D,,S/D,,Si,Si,Si,Noche,,,Despejado,,,Funciona
184878,OBSERVATORIO VIAL,2023-01-04,9:10:00,CORRIENTES,18,CAPITAL,21,CORRIENTES,Urbana,Calle,PERU,1400,RIVADAVIA,,,,2,0,0,2,0,Colisión entre vehículos,Colisión entre vehículos,,,,2,,Recta,,,,Asfalto,,Apto,Seca,,S/D,,S/D,,S/D,S/D,S/D,Día,,,Despejado,,,Sin Semáforo
189219,OBSERVATORIO VIAL,2023-01-03,10:40:00,CORRIENTES,18,CAPITAL,21,CORRIENTES,Urbana,Avenida,AV RAUL ALFONSIN,4800,QUINQUELA MARTIN,,,,2,0,0,2,0,Colisión entre vehículos,Colisión entre vehículos,,,,2,,Recta,,,,Asfalto,,Apto,Seca,,S/D,,S/D,,S/D,S/D,S/D,Día,,,Despejado,,,S/D
185890,OBSERVATORIO VIAL,2023-01-03,19:10:00,CORRIENTES,18,CAPITAL,21,CORRIENTES,Urbana,Avenida,AV PUJOL,1800,BAIBIENE,,,,3,1,0,2,0,Colisión entre vehículos,Colisión entre vehículos,,,,2,,Intersección / cruce,,,S/D,Asfalto,,Apto,Seca,,S/D,,S/D,,Si,Si,Si,Noche,SI,,Despejado,,,Funciona
199928,OBSERVATORIO VIAL,2023-01-03,8:40:00,CORRIENTES,18,CAPITAL,21,CORRIENTES,Urbana,Ruta Nacional,12,1035,,,,,1,1,0,2,0,Colisión entre vehículos,Colisión entre vehículos,,,,2,,Intersección / cruce,,,S/D,Asfalto,,Apto,Seca,,S/D,,S/D,,S/D,S/D,Si,Día,,,Despejado,,,Sin Semáforo